{"cameraMode":{"drawMode":0,"name":"Shaded","section":"Shading Mode"},"sceneLighting":true,"audioPlay":false,"sceneViewState":{"showFog":true,"showMaterialUpdate":false,"showSkybox":true,"showFlares":true,"showImageEffects":true,"showParticleSystems":true,"showVisualEffectGraphs":true,"m_FxEnabled":true},"in2DMode":false,"pivot":{"x":-8.912151336669922,"y":-27.635425567626954,"z":64.58749389648438},"rotation":{"x":0.21795770525932313,"y":-0.048805929720401767,"z":0.007406745105981827,"w":0.9743678569793701},"size":41.265113830566409,"orthographic":false}