{"cameraMode":{"drawMode":0,"name":"Shaded","section":"Shading Mode"},"sceneLighting":false,"audioPlay":false,"sceneViewState":{"showFog":true,"showMaterialUpdate":false,"showSkybox":false,"showFlares":true,"showImageEffects":true,"showParticleSystems":true,"showVisualEffectGraphs":true,"m_FxEnabled":true},"in2DMode":false,"pivot":{"x":0.9225450754165649,"y":0.21293070912361146,"z":0.8019501566886902},"rotation":{"x":0.06925802677869797,"y":-0.8401099443435669,"z":0.11051949113607407,"w":0.5263551473617554},"size":0.0530330054461956,"orthographic":false}