{"cameraMode":{"drawMode":0,"name":"Shaded","section":"Shading Mode"},"sceneLighting":false,"audioPlay":false,"sceneViewState":{"showFog":false,"showMaterialUpdate":false,"showSkybox":false,"showFlares":false,"showImageEffects":false,"showParticleSystems":false,"showVisualEffectGraphs":true,"m_FxEnabled":true},"in2DMode":false,"pivot":{"x":-0.00003546476364135742,"y":0.8890718221664429,"z":-0.002681538462638855},"rotation":{"x":-0.0062198638916015629,"y":0.9679418802261353,"z":0.024405663833022119,"w":0.24962495267391206},"size":1.3242905139923096,"orthographic":false}